City_ID,City,Country,Date,Lat,Lng,Max Temp,Humidity,Cloudiness,Wind Speed
0,Kapaa,US,2022-09-03 00:52:48,22.0752,-159.319,84.52,66,40,13.8
1,Dikson,RU,2022-09-03 00:52:48,73.5069,80.5464,41.7,77,96,7.31
2,Nikolskoye,RU,2022-09-03 00:52:48,59.7035,30.7861,44.87,90,84,5.03
3,Qaqortoq,GL,2022-09-03 00:52:49,60.7167,-46.0333,48.54,66,100,2.82
4,Georgetown,MY,2022-09-03 00:52:48,5.4112,100.3354,80.53,93,20,2.3
5,Lagoa,PT,2022-09-03 00:52:49,39.05,-27.9833,70.61,75,28,12.35
6,San Carlos De Bariloche,AR,2022-09-03 00:48:18,-41.1456,-71.3082,42.55,60,0,4.47
7,Klaksvik,FO,2022-09-03 00:52:50,62.2266,-6.589,54.52,95,61,17.87
8,Punta Arenas,CL,2022-09-03 00:52:50,-53.15,-70.9167,41.11,87,75,21.85
9,Kieta,PG,2022-09-03 00:52:51,-6.2167,155.6333,84.33,68,100,3.47
10,Musoma,TZ,2022-09-03 00:52:51,-1.5,33.8,67.24,77,33,6.08
11,Mahebourg,MU,2022-09-03 00:52:52,-20.4081,57.7,65.25,69,0,12.88
12,Torbay,CA,2022-09-03 00:50:07,47.6666,-52.7314,66.38,89,40,9.22
13,Rikitea,PF,2022-09-03 00:52:52,-23.1203,-134.9692,70.48,69,75,20.78
14,Henties Bay,NA,2022-09-03 00:52:53,-22.116,14.2845,54.23,90,3,7.85
15,Te Anau,NZ,2022-09-03 00:52:53,-45.4167,167.7167,43.75,89,98,6.04
16,Puerto Madryn,AR,2022-09-03 00:52:53,-42.7692,-65.0385,56.62,43,0,10.78
17,Lata,PT,2022-09-03 00:52:54,40.1629,-8.3327,56.1,97,100,1.79
18,Bambous Virieux,MU,2022-09-03 00:52:54,-20.3428,57.7575,65.21,68,0,12.84
19,Kaoma,ZM,2022-09-03 00:52:54,-14.7833,24.8,63.68,48,98,7.05
20,Chuy,UY,2022-09-03 00:52:55,-33.6971,-53.4616,47.95,73,87,14.14
21,San Jose,US,2022-09-03 00:50:00,37.3394,-121.895,92.21,46,20,12.66
22,Kanel,SN,2022-09-03 00:52:55,15.4916,-13.1763,82.4,89,0,0.0
23,Mayo,US,2022-09-03 00:52:56,38.8876,-76.5119,80.55,71,0,16.11
24,Virginia Beach,US,2022-09-03 00:49:28,36.8529,-75.978,80.02,78,40,8.05
25,Jamestown,US,2022-09-03 00:52:56,42.097,-79.2353,73.04,53,0,4.61
26,Castro,BR,2022-09-03 00:52:57,-24.7911,-50.0119,63.01,60,78,0.83
27,Plettenberg Bay,ZA,2022-09-03 00:52:57,-34.0527,23.3716,54.43,79,0,5.57
28,Mumford,GH,2022-09-03 00:52:58,5.2618,-0.759,73.35,95,83,7.87
29,Aksu,CN,2022-09-03 00:52:58,41.1231,80.2644,71.01,28,5,2.51
30,Hithadhoo,MV,2022-09-03 00:52:58,-0.6,73.0833,80.96,74,16,14.34
31,Ilulissat,GL,2022-09-03 00:52:59,69.2167,-51.1,41.22,100,100,4.07
32,Ancud,CL,2022-09-03 00:52:59,-41.8697,-73.8203,47.23,86,0,2.55
33,Okhotsk,RU,2022-09-03 00:52:59,59.3833,143.3,57.56,54,0,20.47
34,Businga,CD,2022-09-03 00:53:00,3.3333,20.8833,66.52,99,100,1.5
35,Chokurdakh,RU,2022-09-03 00:53:00,70.6333,147.9167,38.55,64,100,11.25
36,Saint-Philippe,RE,2022-09-03 00:53:01,-21.3585,55.7679,62.19,81,42,10.58
37,Mataura,NZ,2022-09-03 00:53:01,-46.1927,168.8643,42.78,98,100,10.2
38,Coffs Harbour,AU,2022-09-03 00:53:01,-30.3,153.1333,59.13,94,100,12.66
39,Ushuaia,AR,2022-09-03 00:48:08,-54.8,-68.3,38.86,93,100,4.61
40,Kribi,CM,2022-09-03 00:53:02,2.95,9.9167,74.71,89,100,5.48
41,Puerto Ayora,EC,2022-09-03 00:53:02,-0.7393,-90.3518,69.55,88,52,5.01
42,Abancay,PE,2022-09-03 00:53:03,-13.6339,-72.8814,57.54,66,8,5.39
43,Cape Town,ZA,2022-09-03 00:53:03,-33.9258,18.4232,56.26,80,89,7.0
44,Salta,AR,2022-09-03 00:53:04,-24.7859,-65.4117,55.99,42,100,4.61
45,Hilo,US,2022-09-03 00:54:04,19.7297,-155.09,89.28,73,0,7.25
46,Geraldton,AU,2022-09-03 00:54:05,-28.7667,114.6,61.21,82,100,16.11
47,Akureyri,IS,2022-09-03 00:54:05,65.6835,-18.0878,49.93,93,100,1.14
48,Barrow,US,2022-09-03 00:54:06,71.2906,-156.7887,39.22,93,100,8.05
49,Cherskiy,RU,2022-09-03 00:54:06,68.75,161.3,43.92,71,100,8.03
50,Bereda,ES,2022-09-03 00:54:06,43.2686,-7.5406,53.42,100,17,0.87
51,Samarai,PG,2022-09-03 00:54:07,-10.6167,150.6667,82.76,73,72,14.45
52,Hobart,AU,2022-09-03 00:49:44,-42.8794,147.3294,55.06,61,40,4.61
53,Busselton,AU,2022-09-03 00:54:07,-33.65,115.3333,56.53,74,100,17.22
54,Kavali,IN,2022-09-03 00:54:08,14.9167,79.9833,81.0,77,3,2.98
55,Aquiraz,BR,2022-09-03 00:51:09,-3.9014,-38.3911,79.18,83,7,12.95
56,Tuktoyaktuk,CA,2022-09-03 00:54:08,69.4541,-133.0374,62.6,63,40,4.61
57,Djibo,BF,2022-09-03 00:54:09,14.1022,-1.6306,75.4,81,97,15.14
58,Tombouctou,ML,2022-09-03 00:54:09,20.0,-3.0,92.97,31,0,12.71
59,Hofn,IS,2022-09-03 00:54:09,64.2539,-15.2082,50.79,86,100,14.05
60,Santarem,BR,2022-09-03 00:54:10,-2.4431,-54.7083,82.53,89,20,2.3
61,Batagay,RU,2022-09-03 00:54:10,67.6333,134.6333,38.93,96,100,5.1
62,Altona,DE,2022-09-03 00:54:10,53.55,9.9333,60.46,63,0,11.5
63,Arraial Do Cabo,BR,2022-09-03 00:54:11,-22.9661,-42.0278,69.12,77,0,26.75
64,Wewak,PG,2022-09-03 00:54:11,-3.5534,143.6268,82.78,76,36,7.36
65,Dungarpur,IN,2022-09-03 00:54:12,23.8333,73.7167,79.38,81,11,1.1
66,Beaverlodge,CA,2022-09-03 00:54:12,55.2166,-119.4361,85.35,20,64,7.29
67,Acapulco,MX,2022-09-03 00:51:11,16.8634,-99.8901,81.23,85,100,2.21
68,Aklavik,CA,2022-09-03 00:54:13,68.2191,-135.0107,62.35,48,88,7.54
69,Aykhal,RU,2022-09-03 00:54:13,66.0,111.5,35.28,99,100,18.21
70,Gunjur,GM,2022-09-03 00:54:14,13.2019,-16.7339,75.27,94,75,4.61
71,Umm Bab,QA,2022-09-03 00:54:14,25.2142,50.8072,88.93,52,13,5.1
72,Tiksi,RU,2022-09-03 00:54:14,71.6872,128.8694,39.36,84,100,14.36
73,Thompson,CA,2022-09-03 00:54:15,55.7435,-97.8558,51.96,62,75,6.91
74,Provideniya,RU,2022-09-03 00:54:15,64.3833,-173.3,49.51,62,8,2.86
75,Santa Maria,BR,2022-09-03 00:54:15,-29.6842,-53.8069,58.3,72,75,3.44
76,Khatanga,RU,2022-09-03 00:54:16,71.9667,102.5,37.31,74,100,5.28
77,Bykovo,RU,2022-09-03 00:54:16,55.6361,38.0803,43.41,93,0,6.71
78,Qaanaaq,GL,2022-09-03 00:54:17,77.484,-69.3632,37.89,98,100,4.23
79,Lompoc,US,2022-09-03 00:52:41,34.6391,-120.4579,99.01,66,0,12.66
80,Leninkent,RU,2022-09-03 00:54:17,42.9689,47.352,75.79,42,5,5.23
81,Cassilandia,BR,2022-09-03 00:54:18,-19.1133,-51.7342,75.29,30,4,5.17
82,Albany,US,2022-09-03 00:51:52,42.6001,-73.9662,66.45,65,100,2.3
83,Bethel,US,2022-09-03 00:54:18,41.3712,-73.414,68.56,68,100,3.51
84,New Norfolk,AU,2022-09-03 00:54:18,-42.7826,147.0587,54.72,63,32,1.99
85,Butaritari,KI,2022-09-03 00:54:19,3.0707,172.7902,82.24,73,0,16.64
86,Ust-Omchug,RU,2022-09-03 00:54:19,61.15,149.6333,50.05,81,100,11.83
87,Fairbanks,US,2022-09-03 00:50:54,64.8378,-147.7164,64.6,53,0,6.91
88,Atuona,PF,2022-09-03 00:54:20,-9.8,-139.0333,77.32,70,34,23.71
89,Airai,TL,2022-09-03 00:54:20,-8.9266,125.4092,73.62,44,0,4.52
90,Biak,ID,2022-09-03 00:54:21,-0.9131,122.8766,81.43,73,97,6.24
91,Bangolo,CI,2022-09-03 00:51:46,7.0069,-7.475,67.44,98,24,2.26
92,Vaini,TO,2022-09-03 00:55:21,-21.2,-175.2,75.36,78,20,13.8
93,San Antonio,US,2022-09-03 00:50:47,29.4241,-98.4936,91.92,51,0,10.36
94,Gweta,BW,2022-09-03 00:55:22,-20.1833,25.2333,54.81,28,0,9.15
95,Sterling,US,2022-09-03 00:52:10,39.0062,-77.4286,79.9,69,0,7.0
96,Kodiak,US,2022-09-03 00:55:22,57.79,-152.4072,53.69,66,38,1.83
97,San Isidro,PE,2022-09-03 00:55:23,-12.1167,-77.05,62.02,81,75,10.36
98,Port Alfred,ZA,2022-09-03 00:55:23,-33.5906,26.891,60.42,80,100,13.44
99,Hermanus,ZA,2022-09-03 00:55:23,-34.4187,19.2345,54.32,74,17,11.39
100,Nemuro,JP,2022-09-03 00:55:24,43.3236,145.575,64.53,73,80,2.91
101,Sorrento,IT,2022-09-03 00:55:24,40.626,14.3744,73.65,90,0,1.01
102,Biltine,TD,2022-09-03 00:55:25,14.5333,20.9167,80.6,68,100,7.52
103,Bourail,NC,2022-09-03 00:55:25,-21.5667,165.4833,75.67,62,98,8.99
104,Richards Bay,ZA,2022-09-03 00:55:25,-28.783,32.0377,66.34,57,24,12.71
105,Tongliao,CN,2022-09-03 00:55:26,43.6125,122.2653,70.2,50,98,11.68
106,Ribeira Grande,PT,2022-09-03 00:55:26,38.5167,-28.7,72.64,74,30,9.6
107,Coihaique,CL,2022-09-03 00:51:56,-45.5752,-72.0662,47.01,76,75,6.91
108,Bima,ID,2022-09-03 00:55:27,-8.4667,118.7167,86.95,60,15,5.14
109,Upernavik,GL,2022-09-03 00:55:27,72.7868,-56.1549,44.42,94,100,27.69
110,Kuytun,RU,2022-09-03 00:55:27,54.3419,101.5036,44.67,79,38,19.39
111,Ilheus,BR,2022-09-03 00:55:28,-14.7889,-39.0494,75.02,78,75,9.22
112,Cortes,ES,2022-09-03 00:55:21,41.9395,-1.4396,69.85,72,25,16.75
113,Hay River,CA,2022-09-03 00:55:28,60.8156,-115.7999,71.58,35,75,4.61
114,Ngunguru,NZ,2022-09-03 00:55:29,-35.6167,174.5,60.58,60,93,10.51
115,Bandarbeyla,SO,2022-09-03 00:55:29,9.4942,50.8122,75.49,76,53,21.43
116,Baruun-Urt,MN,2022-09-03 00:55:29,46.6806,113.2792,66.09,40,100,7.25
117,Parker,US,2022-09-03 00:55:30,32.7668,-97.8003,81.7,81,99,7.11
118,Severo-Kurilsk,RU,2022-09-03 00:55:30,50.6789,156.125,55.27,89,44,11.16
119,Westport,US,2022-09-03 00:55:30,41.1415,-73.3579,70.92,65,95,7.0
120,Bonham,US,2022-09-03 00:55:31,33.5773,-96.1783,83.62,77,75,6.91
121,Karoi,ZW,2022-09-03 00:55:31,-16.8099,29.6925,57.61,58,100,5.39
122,Esperance,AU,2022-09-03 00:55:32,-33.8667,121.9,56.44,66,100,21.68
123,Athabasca,CA,2022-09-03 00:55:32,54.7169,-113.2854,82.81,28,6,10.25
124,Gombong,ID,2022-09-03 00:55:32,-7.6072,109.5142,79.66,78,51,4.65
125,Gorahun,SL,2022-09-03 00:55:33,7.4661,-11.2375,69.82,98,8,1.68
126,Opuwo,NA,2022-09-03 00:55:33,-18.0607,13.84,63.55,32,0,2.91
127,Mount Gambier,AU,2022-09-03 00:55:34,-37.8333,140.7667,54.95,66,13,9.26
128,Axim,GH,2022-09-03 00:55:34,4.8699,-2.2405,73.45,95,17,5.75
129,Chimbarongo,CL,2022-09-03 00:55:34,-34.7,-71.05,54.48,74,0,2.75
130,Nipawin,CA,2022-09-03 00:55:35,53.3668,-104.0009,71.64,37,0,6.91
131,Pangnirtung,CA,2022-09-03 00:55:35,66.1451,-65.7125,48.81,92,100,4.61
132,Altay,CN,2022-09-03 00:55:35,47.8667,88.1167,65.89,31,7,2.13
133,Mareeba,AU,2022-09-03 00:55:36,-17.0,145.4333,76.48,55,25,4.21
134,Vao,NC,2022-09-03 00:55:36,-22.6667,167.4833,72.34,73,95,15.55
135,Mujiayingzi,CN,2022-09-03 00:55:37,42.1167,118.7833,72.23,31,100,4.65
136,Malkapur,IN,2022-09-03 00:55:37,20.8833,76.2,79.09,83,18,2.21
137,Fountain,US,2022-09-03 00:51:31,38.6822,-104.7008,92.39,19,40,13.8
138,Naze,JP,2022-09-03 00:55:37,28.3667,129.4833,79.72,80,100,23.6
139,Rawson,AR,2022-09-03 00:50:53,-43.3002,-65.1023,56.64,43,0,9.69
140,Bluff,NZ,2022-09-03 00:56:38,-46.6,168.3333,46.47,68,100,28.41
141,Lorengau,PG,2022-09-03 00:56:38,-2.0226,147.2712,84.63,67,58,9.55
142,Korla,CN,2022-09-03 00:56:31,41.7597,86.1469,71.73,35,6,1.28
143,Beringovskiy,RU,2022-09-03 00:56:39,63.05,179.3167,53.29,55,100,6.46
144,Japura,ID,2022-09-03 00:56:40,-0.3167,102.35,75.9,92,100,2.51
145,Pingliang,CN,2022-09-03 00:56:40,35.5392,106.6861,59.54,84,100,7.25
146,Olinda,BR,2022-09-03 00:56:41,-8.0089,-34.8553,76.73,69,75,12.66
147,Kampot,KH,2022-09-03 00:56:41,10.6167,104.1833,82.45,78,100,4.92
148,Victoria,HK,2022-09-03 00:54:33,22.2855,114.1577,88.25,61,12,17.0
149,Payo,ID,2022-09-03 00:56:42,-3.7508,103.6372,76.51,90,89,0.25
150,Pevek,RU,2022-09-03 00:56:42,69.7008,170.3133,34.88,88,100,6.6
151,East London,ZA,2022-09-03 00:56:42,-33.0153,27.9116,63.0,77,100,16.28
152,Fortuna,US,2022-09-03 00:56:43,40.5982,-124.1573,63.91,88,100,8.05
153,Guerrero Negro,MX,2022-09-03 00:56:43,27.9769,-114.0611,81.3,73,100,7.96
154,Tasiilaq,GL,2022-09-03 00:56:43,65.6145,-37.6368,36.72,65,100,7.56
155,Port Lincoln,AU,2022-09-03 00:56:44,-34.7333,135.8667,55.35,58,7,14.36
156,Yerbogachen,RU,2022-09-03 00:56:44,61.2767,108.0108,40.19,93,100,7.0
157,Bathsheba,BB,2022-09-03 00:56:44,13.2167,-59.5167,81.21,78,20,5.75
158,Lichinga,MZ,2022-09-03 00:56:45,-13.3128,35.2406,51.87,68,12,4.79
159,Kavaratti,IN,2022-09-03 00:55:00,10.5669,72.642,79.27,81,31,9.55
160,Nova Ushytsya,UA,2022-09-03 00:56:45,48.8372,27.2743,51.48,93,100,11.56
161,Narsaq,GL,2022-09-03 00:56:46,60.9167,-46.05,50.49,70,100,2.53
162,Kavieng,PG,2022-09-03 00:56:46,-2.5744,150.7967,85.41,61,94,14.47
163,Kropotkin,RU,2022-09-03 00:56:46,45.4375,40.5756,69.93,39,52,17.65
164,Avarua,CK,2022-09-03 00:56:47,-21.2078,-159.775,78.85,83,40,9.22
165,Christchurch,NZ,2022-09-03 00:54:48,-43.5333,172.6333,65.95,41,6,12.66
166,Jiaocheng,CN,2022-09-03 00:56:48,24.6774,116.1389,80.29,52,1,4.68
167,Port Elizabeth,ZA,2022-09-03 00:53:35,-33.918,25.5701,52.09,87,0,4.61
168,Faanui,PF,2022-09-03 00:56:48,-16.4833,-151.75,78.98,67,1,20.0
169,Ola,RU,2022-09-03 00:56:48,59.5833,151.2833,57.15,96,100,11.03
170,Mar Del Plata,AR,2022-09-03 00:55:44,-38.0023,-57.5575,44.87,76,0,5.99
171,Ouesso,CG,2022-09-03 00:56:49,1.6136,16.0517,66.58,99,79,0.92
172,Atasu,KZ,2022-09-03 00:56:49,48.6814,71.6433,70.45,33,5,2.51
173,Les Cayes,HT,2022-09-03 00:56:50,18.2,-73.75,78.48,82,73,3.13
174,Itarema,BR,2022-09-03 00:55:21,-2.9248,-39.9167,77.94,82,2,17.87
175,Roebourne,AU,2022-09-03 00:56:50,-20.7833,117.1333,68.09,81,100,12.19
176,North Platte,US,2022-09-03 00:53:24,41.1239,-100.7654,88.38,31,6,15.99
177,Fairview,US,2022-09-03 00:56:51,40.8126,-73.999,72.57,68,85,7.0
178,Batemans Bay,AU,2022-09-03 00:56:51,-35.7167,150.1833,58.1,47,13,13.0
179,Portland,US,2022-09-03 00:56:49,45.5234,-122.6762,90.55,44,0,3.0
180,Lebu,CL,2022-09-03 00:56:52,-37.6167,-73.65,48.88,87,0,17.31
181,Vestmannaeyjar,IS,2022-09-03 00:56:52,63.4427,-20.2734,52.02,76,3,3.78
182,Bubaque,GW,2022-09-03 00:56:52,11.2833,-15.8333,78.51,80,98,7.7
183,Boulsa,BF,2022-09-03 00:56:53,12.6675,-0.5758,71.65,93,100,9.22
184,Tual,ID,2022-09-03 00:57:53,-5.6667,132.75,80.96,82,82,20.04
185,Tambacounda,SN,2022-09-03 00:57:54,13.7539,-13.7586,74.39,93,80,5.79
186,Suntar,RU,2022-09-03 00:57:54,62.1444,117.6319,41.61,94,100,4.85
187,Sabang,ID,2022-09-03 00:57:54,5.8933,95.3214,80.6,77,45,22.24
188,Kasongo-Lunda,CD,2022-09-03 00:57:55,-6.4667,16.8167,70.77,84,53,2.01
189,Nanortalik,GL,2022-09-03 00:57:55,60.1432,-45.2371,48.85,57,100,20.29
190,Terracina,IT,2022-09-03 00:57:56,41.2863,13.2217,70.92,73,1,3.18
191,Mopipi,BW,2022-09-03 00:57:56,-21.1833,24.8833,54.25,29,0,9.06
192,Tsiroanomandidy,MG,2022-09-03 00:57:56,-18.7667,46.0333,60.26,69,13,2.33
193,Benalla,AU,2022-09-03 00:57:57,-36.55,145.9833,52.86,55,0,4.88
194,Sitka,US,2022-09-03 00:55:33,57.0531,-135.33,58.66,88,100,11.27
195,Aban,RU,2022-09-03 00:57:57,56.67,96.06,40.55,94,93,10.22
196,Itoman,JP,2022-09-03 00:57:58,26.1247,127.6694,81.37,92,75,34.52
197,Bara,NG,2022-09-03 00:57:58,10.3744,10.7288,68.5,96,100,8.52
198,Laguna,US,2022-09-03 00:57:58,38.421,-121.4238,107.08,17,0,4.0
199,Luganville,VU,2022-09-03 00:57:59,-15.5333,167.1667,78.98,82,96,14.16
200,Asbe Teferi,ET,2022-09-03 00:57:59,9.0833,40.8667,62.1,75,80,7.02
201,Barabai,ID,2022-09-03 00:58:00,-2.5833,115.3833,83.25,72,100,0.78
202,Bredasdorp,ZA,2022-09-03 00:58:00,-34.5322,20.0403,48.67,80,5,6.02
203,Kruisfontein,ZA,2022-09-03 00:58:01,-34.0033,24.7314,51.87,80,0,4.85
204,Kiama,AU,2022-09-03 00:58:01,-34.6833,150.8667,55.99,91,100,5.01
205,Zhoucheng,CN,2022-09-03 00:58:02,35.9122,116.3117,73.36,61,99,3.31
206,Saint-Augustin,CA,2022-09-03 00:58:02,51.226,-58.6502,56.82,59,0,8.61
207,Yellowknife,CA,2022-09-03 00:58:02,62.456,-114.3525,66.72,48,75,5.75
208,Liwale,TZ,2022-09-03 00:58:03,-9.7667,37.9333,60.01,95,0,1.14
209,Namatanai,PG,2022-09-03 00:58:03,-3.6667,152.4333,85.14,61,2,9.1
210,Salinas,US,2022-09-03 00:53:27,36.6777,-121.6555,97.56,65,20,9.22
211,Harper,LR,2022-09-03 00:58:04,4.375,-7.7169,74.93,87,60,6.71
212,Leninskoye,KZ,2022-09-03 00:58:04,41.7589,69.3864,70.47,21,0,3.96
213,Katsuura,JP,2022-09-03 00:58:04,35.1333,140.3,79.81,79,79,11.03
214,Iqaluit,CA,2022-09-03 00:54:10,63.7506,-68.5145,40.73,93,75,3.44
215,Oktyabrskoye,RU,2022-09-03 00:58:05,43.0645,44.7417,64.54,88,2,4.47
216,Mahon,ES,2022-09-03 00:58:05,39.8885,4.2658,75.76,94,0,3.44
217,Nishihara,JP,2022-09-03 00:58:06,26.1842,127.7558,80.65,91,100,34.52
218,Pavlogradka,RU,2022-09-03 00:58:06,54.2024,73.5592,67.8,49,23,9.17
219,Tamiahua,MX,2022-09-03 00:58:07,21.2667,-97.45,81.64,79,33,6.67
220,Beloha,MG,2022-09-03 00:58:07,-25.1667,45.05,59.13,90,0,7.76
221,Arlit,NE,2022-09-03 00:58:07,18.7369,7.3853,88.34,34,65,6.17
222,Victor Harbor,AU,2022-09-03 00:58:08,-35.5667,138.6167,55.0,79,75,3.0
223,Lavrentiya,RU,2022-09-03 00:58:08,65.5833,-171.0,44.56,75,70,0.98
224,Kotdwara,IN,2022-09-03 00:58:08,29.75,78.5333,76.69,83,0,3.31
225,Moron,AR,2022-09-03 00:58:09,-34.6534,-58.6198,56.95,46,0,4.23
226,Saskylakh,RU,2022-09-03 00:58:09,71.9167,114.0833,37.44,86,100,11.23
227,Curuguaty,PY,2022-09-03 00:58:10,-24.4694,-55.6945,66.18,70,83,7.49
228,Slave Lake,CA,2022-09-03 00:58:10,55.2834,-114.769,82.38,39,0,10.36
229,Redcliffe,AU,2022-09-03 00:58:10,-27.2307,153.0973,62.46,94,100,16.11
230,Fare,PF,2022-09-03 00:59:11,-16.7,-151.0167,78.58,67,0,19.82
231,Constitucion,CL,2022-09-03 00:59:11,-35.3333,-72.4167,52.93,73,0,5.97
232,Sangar,RU,2022-09-03 00:59:12,63.9242,127.4739,46.35,79,29,7.63
233,Puerto Cabezas,NI,2022-09-03 00:59:12,14.0351,-83.3888,78.26,82,65,6.33
234,Kaitangata,NZ,2022-09-03 00:59:12,-46.2817,169.8464,45.7,85,100,12.5
235,Leninskiy,RU,2022-09-03 00:59:13,54.2781,37.4558,39.18,85,10,6.49
236,Grindavik,IS,2022-09-03 00:59:13,63.8424,-22.4338,51.75,93,0,8.05
237,Kryve Ozero,UA,2022-09-03 00:59:14,47.9524,30.3493,60.42,38,100,12.77
238,San Patricio,US,2022-09-03 00:59:14,28.017,-97.5169,85.89,69,100,10.07
239,Shimoda,JP,2022-09-03 00:59:14,34.6667,138.95,77.36,76,14,12.55
240,Half Moon Bay,US,2022-09-03 00:56:06,37.4636,-122.4286,86.79,81,100,13.8
241,Tres Lagoas,BR,2022-09-03 00:59:15,-20.7511,-51.6783,82.74,28,75,1.36
242,Grayvoron,RU,2022-09-03 00:59:15,50.4767,35.6773,51.15,53,100,6.17
243,Westerland,DE,2022-09-03 00:59:16,54.9079,8.3033,58.01,82,40,11.5
244,Van,TR,2022-09-03 00:59:16,38.4924,43.3831,70.12,32,1,3.47
245,Isangel,VU,2022-09-03 00:59:16,-19.55,169.2667,80.71,65,75,5.75
246,La Sierra,CO,2022-09-03 00:59:17,2.1784,-76.7626,58.53,93,16,5.03
247,Codrington,AU,2022-09-03 00:59:17,-38.2667,141.9667,53.26,80,64,13.38
248,Kutum,SD,2022-09-03 00:59:18,14.2,24.6667,77.99,50,82,1.36
249,Stokmarknes,NO,2022-09-03 00:59:18,68.5646,14.9108,42.78,87,69,3.44
250,Sambava,MG,2022-09-03 00:54:21,-14.2667,50.1667,65.68,83,10,13.11
251,Pasighat,IN,2022-09-03 00:59:19,28.0667,95.3333,76.19,99,100,2.17
252,Bengkulu,ID,2022-09-03 00:59:19,-3.8004,102.2655,73.78,94,100,4.16
253,Charcas,MX,2022-09-03 00:59:19,23.1333,-101.1167,69.53,58,97,16.91
254,Sibolga,ID,2022-09-03 00:59:20,1.7427,98.7792,76.08,93,100,3.83
255,Ponta Do Sol,PT,2022-09-03 00:59:20,32.6667,-17.1,72.23,77,14,4.99
256,Oranjemund,NA,2022-09-03 00:59:21,-28.55,16.4333,50.61,81,0,4.16
257,Puerto Berrio,CO,2022-09-03 00:55:04,6.4916,-74.4033,76.32,88,100,2.44
258,Mvuma,ZW,2022-09-03 00:59:21,-19.2792,30.5283,46.42,75,10,4.43
259,Makakilo City,US,2022-09-03 00:59:22,21.3469,-158.0858,85.75,52,20,14.97
260,Teahupoo,PF,2022-09-03 00:59:22,-17.8333,-149.2667,76.96,73,15,19.26
261,Avera,US,2022-09-03 00:59:22,33.194,-82.5271,75.38,87,100,6.22
262,San Fernando,PH,2022-09-03 00:59:23,15.0286,120.6898,80.33,90,100,6.91
263,Governador Valadares,BR,2022-09-03 00:59:23,-18.8511,-41.9494,67.12,68,0,5.01
264,Hasaki,JP,2022-09-03 00:58:21,35.7333,140.8333,77.29,84,43,13.31
265,Nome,US,2022-09-03 00:59:24,64.5011,-165.4064,55.17,90,100,2.66
266,Tuatapere,NZ,2022-09-03 00:59:24,-46.1333,167.6833,44.04,85,100,14.43
267,Chiredzi,ZW,2022-09-03 00:59:24,-21.05,31.6667,54.97,62,0,1.16
268,Swellendam,ZA,2022-09-03 00:59:25,-34.0226,20.4417,51.44,68,5,6.55
269,Cheyenne,US,2022-09-03 00:55:06,41.14,-104.8203,79.99,26,69,18.99
270,Nueva Guinea,NI,2022-09-03 00:59:25,11.6876,-84.4562,73.99,90,96,6.26
271,Los Llanos De Aridane,ES,2022-09-03 00:59:26,28.6585,-17.9182,72.12,97,100,11.5
272,Khilok,RU,2022-09-03 00:59:26,51.3674,110.4676,63.52,55,42,3.42
273,Ca Mau,VN,2022-09-03 00:59:26,9.1769,105.15,84.15,77,100,7.27
274,Aborlan,PH,2022-09-03 00:59:27,9.4352,118.5492,80.67,74,98,2.68
275,Pisco,PE,2022-09-03 00:54:52,-13.7,-76.2167,60.85,82,100,11.5
276,Santa Vitoria Do Palmar,BR,2022-09-03 00:56:18,-33.5189,-53.3681,47.73,74,79,13.56
277,Ponta Delgada,PT,2022-09-03 01:00:28,37.7333,-25.6667,71.51,83,20,4.61
278,Honningsvag,NO,2022-09-03 01:00:28,70.9821,25.9704,44.35,76,100,14.97
279,Cauquenes,CL,2022-09-03 01:00:29,-35.9671,-72.3225,49.69,62,0,3.2
280,Taoudenni,ML,2022-09-03 01:00:29,22.6783,-3.9836,98.49,20,38,8.41
281,Karakol,KG,2022-09-03 01:00:29,42.4907,78.3936,56.23,25,0,4.0
282,Faya,SA,2022-09-03 01:00:30,18.3851,42.4509,66.56,40,3,4.52
283,Mirsid,RO,2022-09-03 01:00:30,47.2333,23.1333,55.71,94,100,4.72
284,Ust-Tsilma,RU,2022-09-03 01:00:31,65.441,52.1498,44.2,99,100,3.33
285,Tautira,PF,2022-09-03 01:00:31,-17.7333,-149.15,77.49,73,13,18.52
286,Khoy,IR,2022-09-03 01:00:32,38.5504,44.9535,73.56,22,1,2.28
287,Sindor,RU,2022-09-03 01:00:32,62.8629,51.8905,43.0,97,100,4.27
288,Imbituba,BR,2022-09-03 01:00:33,-28.24,-48.6703,63.86,93,100,11.9
289,Boissevain,CA,2022-09-03 01:00:33,49.2306,-100.0559,66.7,39,0,6.26
290,Romny,UA,2022-09-03 01:00:33,50.751,33.4747,50.86,54,100,6.58
291,Banda Aceh,ID,2022-09-03 01:00:34,5.5577,95.3222,80.19,75,80,13.38
292,Vostok,RU,2022-09-03 01:00:34,46.4856,135.8833,67.91,49,0,1.99
293,Keti Bandar,PK,2022-09-03 01:00:35,24.1447,67.4497,80.76,82,64,11.7
294,Hirara,JP,2022-09-03 01:00:35,24.8,125.2833,79.07,94,75,35.68
295,Nouadhibou,MR,2022-09-03 01:00:35,20.931,-17.0347,73.51,86,81,12.62
296,Pacific Grove,US,2022-09-03 00:56:32,36.6177,-121.9166,79.02,82,21,7.0
297,Beni,CD,2022-09-03 01:00:36,0.5,29.4667,60.64,99,100,0.87
298,Lusambo,CD,2022-09-03 01:00:37,-4.9667,23.45,67.64,98,100,1.1
299,Hokitika,NZ,2022-09-03 01:00:37,-42.7167,170.9667,50.83,89,100,8.46
300,Sandwick,GB,2022-09-03 01:00:38,60.0,-1.25,55.22,94,20,14.97
301,San Rafael,AR,2022-09-03 01:00:38,-34.6177,-68.3301,54.54,25,0,8.61
302,Walvis Bay,NA,2022-09-03 01:00:39,-22.9575,14.5053,54.09,85,0,11.25
303,Liuhe,CN,2022-09-03 01:00:39,42.2401,125.7172,70.97,64,5,3.11
304,Diffa,NE,2022-09-03 01:00:39,13.3154,12.6113,77.63,78,71,15.55
305,Repnoye,RU,2022-09-03 01:00:40,51.5921,43.1861,43.34,68,81,5.77
306,Cidreira,BR,2022-09-03 01:00:40,-30.1811,-50.2056,55.85,79,51,15.99
307,Haines Junction,CA,2022-09-03 01:00:41,60.7522,-137.5108,46.74,96,100,3.22
308,Ampanihy,MG,2022-09-03 01:00:41,-24.7,44.75,57.87,87,0,5.37
309,Corrales,US,2022-09-03 01:00:41,35.2378,-106.6067,89.87,26,75,33.38
310,Kahului,US,2022-09-03 00:59:55,20.8947,-156.47,85.96,77,50,13.0
311,Saint George,US,2022-09-03 00:58:54,37.1041,-113.5841,108.25,11,14,4.0
312,Riyadh,SA,2022-09-03 01:00:22,24.6877,46.7219,87.17,15,10,2.95
313,Mirpur Mathelo,PK,2022-09-03 01:00:42,28.0227,69.5489,83.17,72,0,8.39
314,Pangai,TO,2022-09-03 01:00:43,-19.8,-174.35,72.72,63,5,14.52
315,Beian,NO,2022-09-03 01:00:43,63.6559,9.5683,53.01,81,0,6.91
316,La Rioja,ES,2022-09-03 01:00:44,42.25,-2.5,58.78,95,27,3.38
317,Brae,GB,2022-09-03 01:00:44,60.3964,-1.353,55.18,90,93,15.57
318,Minyar,RU,2022-09-03 01:00:44,55.0709,57.5485,47.5,78,0,3.83
319,Kanniyakumari,IN,2022-09-03 00:57:11,8.0833,77.5667,77.25,88,72,11.92
320,Yenagoa,NG,2022-09-03 01:00:45,4.9247,6.2642,74.01,90,100,2.86
321,Broken Hill,AU,2022-09-03 01:00:45,-31.95,141.4333,50.67,43,1,23.51
322,Hue,VN,2022-09-03 01:00:46,16.4667,107.6,82.51,83,40,3.44
323,Tongren,CN,2022-09-03 01:01:47,27.7172,109.1853,75.09,58,78,4.18
324,Soavinandriana,MG,2022-09-03 01:01:47,-19.1667,46.7333,53.44,73,93,4.03
325,Tena,EC,2022-09-03 01:01:48,-0.9833,-77.8167,69.67,95,85,3.62
326,Agadez,NE,2022-09-03 01:01:48,19.75,10.25,90.64,18,27,6.26
327,Phangnga,TH,2022-09-03 01:01:49,8.4509,98.5298,77.04,90,100,2.24
328,Berezovyy,RU,2022-09-03 01:01:49,51.6667,135.7,70.97,54,100,5.41
329,Galveston,US,2022-09-03 01:01:49,29.3669,-94.9669,86.09,80,100,8.46
330,Huanuco,PE,2022-09-03 01:01:50,-9.9329,-76.2415,61.14,79,70,2.64
331,Izhma,RU,2022-09-03 01:01:50,65.0083,53.9113,44.56,98,100,2.26
332,Porterville,US,2022-09-03 00:56:59,36.0652,-119.0168,107.53,8,82,13.15
333,Anacortes,US,2022-09-03 01:01:00,48.5126,-122.6127,79.32,75,0,3.0
334,Inhambane,MZ,2022-09-03 01:01:51,-23.865,35.3833,63.16,70,0,5.57
335,Springbok,ZA,2022-09-03 01:01:51,-29.6643,17.8865,38.43,84,0,2.35
336,Vila Franca Do Campo,PT,2022-09-03 01:01:52,37.7167,-25.4333,71.2,81,89,5.97
337,Antigonish,CA,2022-09-03 01:01:52,45.6169,-61.9986,61.83,88,0,1.01
338,Onalaska,US,2022-09-03 01:01:52,43.8844,-91.2351,80.46,82,75,5.75
339,Matamoros,MX,2022-09-03 01:01:53,25.5333,-103.25,84.43,42,100,21.07
340,Oussouye,SN,2022-09-03 01:01:53,12.485,-16.5469,76.12,90,98,6.76
341,Luanda,AO,2022-09-03 01:00:21,-8.8368,13.2343,70.02,92,75,4.16
342,Poum,NC,2022-09-03 01:01:54,-20.2333,164.0167,75.15,69,50,22.12
343,Garden City,US,2022-09-03 01:01:54,42.3256,-83.331,79.14,70,0,8.05
344,Kitimat,CA,2022-09-03 00:58:01,54.0524,-128.6534,73.78,58,89,1.01
345,Hovd,MN,2022-09-03 01:01:54,48.0056,91.6419,62.47,34,24,3.2
346,Kattivakkam,IN,2022-09-03 01:01:55,13.2167,80.3167,80.69,79,7,6.2
347,Dalby,AU,2022-09-03 01:01:55,-27.1833,151.2667,57.97,96,100,3.0
348,Haapiti,PF,2022-09-03 01:01:56,-17.5667,-149.8667,82.13,69,0,19.35
349,Kamyshevatskaya,RU,2022-09-03 01:01:56,46.4132,37.9563,67.95,42,2,21.97
350,Rio Cuarto,AR,2022-09-03 01:01:56,-33.1307,-64.3499,43.32,17,0,5.26
351,Sayyan,YE,2022-09-03 01:01:57,15.1718,44.3244,62.69,46,10,7.81
352,Tak Bai,TH,2022-09-03 01:01:57,6.2595,102.0546,79.07,81,99,3.89
353,Oropesa,PE,2022-09-03 01:01:57,-13.5928,-71.7719,53.46,58,45,4.61
354,Moree,AU,2022-09-03 01:01:58,-29.4667,149.85,55.42,88,100,14.97
355,Eureka,US,2022-09-03 01:01:58,40.8021,-124.1637,73.67,90,71,1.01
356,Vista,US,2022-09-03 01:01:59,33.2,-117.2425,98.64,63,0,6.91
357,Ahuimanu,US,2022-09-03 01:01:59,21.4447,-157.8378,86.94,60,10,1.99
358,Margate,GB,2022-09-03 01:02:00,51.3813,1.3862,63.7,88,84,1.01
359,Oksfjord,NO,2022-09-03 01:02:00,70.2396,22.3479,44.78,88,66,5.5
360,Tikapur,NP,2022-09-03 01:02:01,28.5,81.1333,77.65,90,78,3.83
361,Manzanillo,CU,2022-09-03 01:02:01,20.3433,-77.1167,77.13,84,13,9.6
362,Nizhnyaya Tavda,RU,2022-09-03 01:02:01,57.6731,66.1725,58.35,96,82,6.69
363,Madera,US,2022-09-03 01:02:02,37.1666,-119.8343,108.55,11,6,8.01
364,Atambua,ID,2022-09-03 01:02:02,-9.1061,124.8925,83.16,53,1,2.19
365,Anadyr,RU,2022-09-03 01:02:03,64.75,177.4833,48.0,70,100,9.31
366,Wanning,CN,2022-09-03 01:02:03,18.8003,110.3967,81.46,84,100,3.09
367,Camana,PE,2022-09-03 01:02:04,-16.6228,-72.7111,60.19,82,93,7.94
368,Miles City,US,2022-09-03 01:03:04,46.4083,-105.8406,85.17,23,0,5.75
369,Mezen,RU,2022-09-03 01:03:05,65.8522,44.24,43.77,97,100,4.0
370,Sao Miguel Do Araguaia,BR,2022-09-03 01:03:05,-13.275,-50.1628,76.77,27,1,3.76
371,Igarka,RU,2022-09-03 01:03:05,67.4667,86.5833,37.53,82,7,4.32
372,Clyde River,CA,2022-09-03 01:03:06,70.4692,-68.5914,36.55,91,87,4.79
373,Fort Frances,CA,2022-09-03 01:01:25,48.5999,-93.4003,64.06,65,0,8.05
374,Tateyama,JP,2022-09-03 01:03:06,34.9833,139.8667,82.09,77,96,9.26
375,Mount Isa,AU,2022-09-03 01:03:07,-20.7333,139.5,62.37,55,40,16.11
376,Bac Lieu,VN,2022-09-03 01:03:07,9.285,105.7244,83.08,80,100,7.67
377,Srednekolymsk,RU,2022-09-03 01:03:08,67.45,153.6833,35.49,94,100,21.25
378,Labuhan,ID,2022-09-03 01:03:08,-6.8844,112.2051,82.51,66,24,10.6
379,Leningradskiy,RU,2022-09-03 01:03:08,69.3833,178.4167,39.13,75,100,8.59
380,Anupgarh,IN,2022-09-03 01:03:09,29.1911,73.2086,87.78,46,100,8.97
381,Talnakh,RU,2022-09-03 01:03:09,69.4865,88.3972,42.98,75,83,0.65
382,Quatre Cocos,MU,2022-09-03 01:03:10,-20.2078,57.7625,66.31,69,0,12.64
383,Eston,CA,2022-09-03 01:03:10,51.1501,-108.7514,80.92,24,3,7.72
384,Uthal,PK,2022-09-03 01:03:10,25.8072,66.6219,79.16,86,100,2.04
385,Kununurra,AU,2022-09-03 01:03:11,-15.7667,128.7333,78.78,36,6,14.97
386,Porto Santo,PT,2022-09-03 01:03:11,33.072,-16.3415,70.18,88,40,5.75
387,Havre,FR,2022-09-03 00:58:19,49.5833,0.3333,64.17,94,0,4.61
388,Darhan,MN,2022-09-03 01:03:12,49.4867,105.9228,62.11,55,9,7.56
389,Clarence Town,AU,2022-09-03 01:03:12,-32.5833,151.7833,57.97,93,100,10.83
390,Yazd,IR,2022-09-03 01:03:13,31.8972,54.3675,72.73,13,0,3.27
391,Udon Thani,TH,2022-09-03 01:03:13,17.3333,102.8333,83.89,81,100,0.56
392,Alyangula,AU,2022-09-03 01:03:13,-13.8483,136.4192,75.04,69,95,19.86
393,Nizhniy Kuranakh,RU,2022-09-03 01:03:14,58.8353,125.4869,49.26,61,8,5.93
394,Iquitos,PE,2022-09-03 01:03:14,-3.7481,-73.2472,78.67,77,54,3.53
395,Padang,ID,2022-09-03 01:03:15,-0.9492,100.3543,73.45,95,100,12.26
396,Bairiki,KI,2022-09-03 01:03:15,1.3292,172.9752,87.8,66,20,11.5
397,Cabo San Lucas,MX,2022-09-03 01:03:15,22.8909,-109.9124,82.62,90,100,13.8
398,Ulaangom,MN,2022-09-03 01:03:16,49.9811,92.0667,65.79,36,78,1.77
399,Watertown,US,2022-09-03 00:59:26,42.3709,-71.1828,65.86,72,0,7.0
400,Huarmey,PE,2022-09-03 01:03:17,-10.0681,-78.1522,61.57,82,12,9.62
401,Tabou,CI,2022-09-03 01:03:17,4.423,-7.3528,74.44,90,55,6.15
402,Sao Gabriel Da Cachoeira,BR,2022-09-03 01:00:25,-0.1303,-67.0892,73.9,93,49,0.4
403,Namibe,AO,2022-09-03 01:03:18,-15.1961,12.1522,62.8,89,60,3.4
404,Rabat,MA,2022-09-03 01:00:08,33.9911,-6.8401,69.87,94,40,3.44
405,Mulege,MX,2022-09-03 01:03:18,26.8833,-111.9833,77.58,86,100,8.75
406,Sojat,IN,2022-09-03 01:01:19,25.9167,73.6667,80.65,80,17,5.55
407,Bowen,AU,2022-09-03 01:03:19,-20.0167,148.2333,77.18,59,9,13.62
408,Diu,IN,2022-09-03 01:03:19,20.7141,70.9822,78.67,86,5,8.23
409,Nabire,ID,2022-09-03 01:03:19,-3.3667,135.4833,84.58,68,96,2.15
410,Burnie,AU,2022-09-03 01:03:20,-41.0667,145.9167,56.91,51,5,2.89
411,Koutiala,ML,2022-09-03 01:03:20,12.3917,-5.4642,71.64,92,100,4.94
412,Sangmelima,CM,2022-09-03 01:03:21,2.9333,11.9833,65.05,100,67,3.36
413,Igrim,RU,2022-09-03 01:03:21,63.1906,64.4162,51.76,98,100,5.73
414,Roma,US,2022-09-03 01:00:08,43.2128,-75.4557,68.86,74,95,1.01
415,Gillette,US,2022-09-03 01:00:05,44.2911,-105.5022,82.11,26,0,13.0
416,Lumeje,AO,2022-09-03 01:04:22,-11.55,20.7833,61.32,36,0,5.14
417,Norman Wells,CA,2022-09-03 01:04:23,65.282,-126.8329,69.75,36,44,8.77
418,High Rock,BS,2022-09-03 01:04:23,26.6208,-78.2833,80.62,69,71,10.98
419,Khash,IR,2022-09-03 01:04:23,28.2211,61.2158,70.16,12,0,3.74
420,Adre,TD,2022-09-03 01:04:24,13.4667,22.2,72.66,86,100,6.08
421,Sistranda,NO,2022-09-03 01:04:24,63.7256,8.834,46.36,70,12,8.43
422,Qixingtai,CN,2022-09-03 01:04:24,30.4135,111.8874,78.53,49,75,12.3
423,Longyearbyen,SJ,2022-09-03 01:02:25,78.2186,15.6401,44.44,87,75,11.5
424,Kargasok,RU,2022-09-03 01:04:25,59.0556,80.8572,44.17,78,98,9.62
425,Taltal,CL,2022-09-03 01:00:46,-25.4,-70.4833,61.59,52,0,5.77
426,Coquimbo,CL,2022-09-03 01:01:00,-29.9533,-71.3436,55.54,84,39,2.13
427,Port-Cartier,CA,2022-09-03 01:04:26,50.0334,-66.8654,56.75,72,2,6.02
428,Cayenne,GF,2022-09-03 01:00:07,4.9333,-52.3333,78.84,89,0,2.3
429,Kamaishi,JP,2022-09-03 01:04:26,39.2667,141.8833,73.49,70,94,4.32
430,Del Rio,US,2022-09-03 01:04:27,29.3627,-100.8968,87.24,66,0,11.01
431,Zambrow,PL,2022-09-03 00:59:50,52.9855,22.2432,46.45,72,6,4.07
432,Rocha,UY,2022-09-03 01:04:27,-34.4833,-54.3333,44.15,82,21,11.14
433,Xai-Xai,MZ,2022-09-03 01:04:28,-25.0519,33.6442,57.65,76,0,8.59
434,Male,MV,2022-09-03 01:04:28,4.1748,73.5089,78.85,85,83,16.84
435,Dingle,PH,2022-09-03 01:04:28,10.9995,122.6711,83.37,78,100,10.49
436,Tudela,ES,2022-09-03 01:02:40,42.0617,-1.6045,67.1,73,5,13.73
437,Ucluelet,CA,2022-09-03 01:04:29,48.9329,-125.5528,62.91,89,60,1.01
438,Devils Lake,US,2022-09-03 01:04:29,48.1128,-98.8651,68.95,54,0,8.05
439,Syedove,UA,2022-09-03 01:04:30,47.0768,38.156,65.32,42,23,21.63
440,Denpasar,ID,2022-09-03 01:04:30,-8.65,115.2167,80.26,88,40,12.66
441,Camocim,BR,2022-09-03 01:04:30,-2.9022,-40.8411,76.93,80,1,14.03
442,Wonthaggi,AU,2022-09-03 01:04:31,-38.6044,145.5913,56.82,81,56,8.86
443,San Cristobal,VE,2022-09-03 01:04:31,7.7669,-72.225,71.78,97,58,2.28
444,Neepawa,CA,2022-09-03 01:00:02,50.2289,-99.4664,62.11,52,0,7.4
445,Macusani,PE,2022-09-03 01:04:32,-14.0833,-70.4333,33.98,79,5,5.95
446,Bonavista,CA,2022-09-03 01:03:38,48.6499,-53.1147,65.28,89,100,9.73
447,Ejea De Los Caballeros,ES,2022-09-03 01:04:32,42.1263,-1.1372,66.42,76,6,12.21
448,Kamenka,RU,2022-09-03 01:04:32,51.3223,42.7678,43.83,65,100,6.11
449,Tadine,NC,2022-09-03 01:04:33,-21.55,167.8833,75.47,66,69,12.06
450,Kyzyl,RU,2022-09-03 01:04:33,51.7,94.45,60.73,55,21,14.7
451,Mangaratiba,BR,2022-09-03 01:04:34,-22.9597,-44.0406,69.06,55,0,5.3
452,Komsomolskiy,UZ,2022-09-03 01:04:34,40.4272,71.7189,70.52,32,0,9.22
453,Alpena,US,2022-09-03 01:00:23,45.0617,-83.4327,80.85,77,100,7.11
454,Watsa,CD,2022-09-03 01:04:34,3.0372,29.5355,60.24,99,97,2.82
455,La Libertad,EC,2022-09-03 01:04:35,-2.2333,-80.9,69.46,83,100,8.05
456,Pueblo,US,2022-09-03 01:00:24,38.2545,-104.6091,92.16,40,100,15.23
457,Houma,US,2022-09-03 01:04:36,29.5958,-90.7195,80.6,88,64,6.91
458,Sahuaripa,MX,2022-09-03 01:04:36,29.05,-109.2333,80.29,78,100,1.16
459,Brigantine,US,2022-09-03 01:03:30,39.4101,-74.3646,74.01,78,0,4.0
460,La Ronge,CA,2022-09-03 01:04:36,55.1001,-105.2842,60.37,59,0,6.51
461,Moose Factory,CA,2022-09-03 01:04:37,51.2585,-80.6094,62.58,94,100,9.22
462,Bambanglipuro,ID,2022-09-03 01:04:37,-7.95,110.2833,79.83,75,30,6.29
463,Kayan,MM,2022-09-03 01:04:38,16.9056,96.5631,80.74,81,73,3.8
464,Uige,AO,2022-09-03 01:05:38,-7.6087,15.0613,66.49,90,61,2.33
465,Khabary,RU,2022-09-03 01:05:38,53.6259,79.5345,54.27,72,100,9.78
466,Moscow,RU,2022-09-03 01:02:50,55.7522,37.6156,43.23,77,7,7.61
467,Fort Nelson,CA,2022-09-03 01:05:39,58.8053,-122.7002,74.5,39,10,4.85
468,Zyryanka,RU,2022-09-03 01:05:39,65.75,150.85,37.98,88,100,18.61
469,Atbasar,KZ,2022-09-03 01:05:40,51.8,68.3333,71.19,27,90,9.15
470,Nagai,JP,2022-09-03 01:05:40,38.1036,140.035,77.92,62,100,1.52
471,Charters Towers,AU,2022-09-03 01:05:40,-20.1,146.2667,69.51,53,0,19.98
472,Olafsvik,IS,2022-09-03 01:05:41,64.8945,-23.7142,49.1,88,26,8.81
473,Niquero,CU,2022-09-03 01:05:41,20.0431,-77.5828,80.78,76,25,7.65
474,Beidao,CN,2022-09-03 01:05:41,34.5686,105.8933,60.4,95,100,5.21
475,Brewster,US,2022-09-03 01:05:42,41.3973,-73.6171,69.89,66,0,0.0
476,Sosnovo-Ozerskoye,RU,2022-09-03 01:05:42,52.5249,111.5418,62.31,51,16,7.78
477,Manokwari,ID,2022-09-03 01:05:43,-0.8667,134.0833,83.66,69,69,7.2
478,Gazli,UZ,2022-09-03 01:05:43,40.1333,63.45,78.19,16,0,14.7
479,Yulara,AU,2022-09-03 01:05:43,-25.2406,130.9889,59.43,37,98,18.68
480,Warwick,US,2022-09-03 01:02:07,41.7001,-71.4162,65.91,78,0,3.62
481,Bethanien,NA,2022-09-03 01:05:44,-26.502,17.1583,57.42,33,0,2.75
482,Marang,MY,2022-09-03 01:05:44,5.2056,103.2059,79.7,83,100,3.69
483,Comodoro Rivadavia,AR,2022-09-03 01:05:16,-45.8667,-67.5,57.06,35,100,35.68
484,Adrian,US,2022-09-03 01:05:13,41.8975,-84.0372,76.48,82,0,3.44
485,Kharp,RU,2022-09-03 01:05:45,66.8014,65.8081,42.78,93,100,21.79
486,Tondano,ID,2022-09-03 01:05:45,1.3038,124.9112,73.49,65,99,3.09
487,Husavik,IS,2022-09-03 01:05:46,66.0449,-17.3389,50.4,89,1,5.66
488,Ahar,IR,2022-09-03 01:05:46,38.4774,47.0699,64.9,35,0,2.91
489,Unhel,IN,2022-09-03 01:05:47,23.3333,75.5667,76.33,88,14,4.36
490,Kudahuvadhoo,MV,2022-09-03 01:05:47,2.6708,72.8944,81.21,76,16,17.05
491,Pasni,PK,2022-09-03 01:05:47,25.2631,63.471,79.41,83,37,8.23
492,Carnarvon,AU,2022-09-03 01:05:48,-24.8667,113.6333,66.85,70,94,13.69
493,San Quintin,MX,2022-09-03 01:05:48,30.4833,-115.95,79.43,67,1,7.81
494,Vila Velha,BR,2022-09-03 01:02:09,-20.3297,-40.2925,69.94,77,0,4.0
495,Karratha,AU,2022-09-03 01:05:49,-20.7377,116.8463,69.71,80,100,11.1
496,Jardim,BR,2022-09-03 01:05:49,-21.4803,-56.1381,71.85,75,100,10.8
497,Adrar,MR,2022-09-03 01:02:21,20.5022,-10.0711,93.27,28,100,5.12
498,Kuryk,KZ,2022-09-03 01:05:50,43.2,51.65,81.63,24,0,8.21
499,Polunochnoye,RU,2022-09-03 01:05:50,60.8697,60.4153,42.35,95,0,5.77
500,Rio Grande,BR,2022-09-03 01:02:36,-32.035,-52.0986,49.95,81,6,19.3
501,Port Moresby,PG,2022-09-03 01:05:51,-9.4431,147.1797,84.54,68,18,4.74
502,Mullovka,RU,2022-09-03 01:05:51,54.2,49.4,46.29,66,1,8.16
503,Paamiut,GL,2022-09-03 01:03:13,61.994,-49.6678,46.62,80,100,32.68
504,Lethem,GY,2022-09-03 01:05:51,3.3803,-59.7968,76.48,88,100,4.92
505,Port Hardy,CA,2022-09-03 01:05:52,50.6996,-127.4199,65.89,73,100,8.05
506,Gat,IL,2022-09-03 01:05:52,31.61,34.7642,78.4,100,6,4.99
507,Pafos,CY,2022-09-03 01:04:03,34.7667,32.4167,74.98,73,0,5.75
508,Kiunga,PG,2022-09-03 01:05:53,-6.1219,141.2906,87.51,62,56,2.35
509,Andros Town,BS,2022-09-03 01:03:16,24.7,-77.7667,84.0,71,7,13.89
510,Saint-Pierre,RE,2022-09-03 01:05:53,-21.3393,55.4781,66.9,77,75,8.05
511,Ocamonte,CO,2022-09-03 01:05:54,6.3401,-73.1223,63.45,97,86,1.97
512,Shar,KZ,2022-09-03 01:06:54,49.5886,81.0453,63.61,64,9,4.76
513,Praya,CV,2022-09-03 01:06:54,14.9215,-23.5087,79.34,89,75,11.5
514,Saint-Georges,GD,2022-09-03 01:06:55,12.0564,-61.7485,80.28,83,20,5.75
515,Mbuji-Mayi,CD,2022-09-03 01:06:55,-6.15,23.6,67.96,93,100,5.03
516,Susanville,US,2022-09-03 01:06:55,40.4163,-120.653,93.9,15,0,9.22
517,Derzhavinsk,KZ,2022-09-03 01:06:56,51.1,66.3167,72.66,22,1,10.13
518,Souillac,MU,2022-09-03 01:06:56,-20.5167,57.5167,66.58,82,20,3.44
519,Lagos,NG,2022-09-03 01:04:55,6.5833,3.75,74.1,94,99,2.3
520,Gwembe,ZM,2022-09-03 01:06:57,-16.4975,27.6069,55.99,58,73,2.08
521,Jalu,LY,2022-09-03 01:06:57,29.0331,21.5482,78.64,56,0,8.34
522,Phan Thiet,VN,2022-09-03 01:06:58,10.9333,108.1,82.99,77,100,5.35
523,Matara,LK,2022-09-03 01:06:58,5.9485,80.5353,75.54,92,95,8.03
524,Vardo,NO,2022-09-03 01:03:11,70.3705,31.1107,42.78,100,100,18.41
525,Moindou,NC,2022-09-03 01:06:59,-21.6924,165.677,77.04,58,100,7.87
526,Kimbe,PG,2022-09-03 01:05:44,-5.5502,150.1429,88.65,58,60,5.14
527,Dhidhdhoo,MV,2022-09-03 01:06:59,6.8833,73.1,80.67,80,48,18.86
528,Piranhas,BR,2022-09-03 01:06:59,-16.4269,-51.8222,74.39,30,2,2.68
529,College,US,2022-09-03 01:07:00,64.8569,-147.8028,64.58,54,0,6.91
530,San Policarpo,PH,2022-09-03 01:07:00,12.1791,125.5072,84.42,73,100,8.93
531,Gandajika,CD,2022-09-03 01:07:01,-6.75,23.95,67.66,89,100,6.35
532,Kodinsk,RU,2022-09-03 01:07:01,58.6881,99.1844,43.74,96,100,6.02
533,Mormugao,IN,2022-09-03 01:07:01,15.4,73.8,76.26,94,40,3.44
534,Oeiras,BR,2022-09-03 01:07:02,-7.0253,-42.1311,75.96,40,0,5.5
535,Marathon,US,2022-09-03 01:07:02,44.9,-89.7668,76.53,78,0,5.75
536,Cairo,EG,2022-09-03 01:07:03,30.0626,31.2497,79.56,73,40,5.75
537,Khatassy,RU,2022-09-03 01:07:03,61.9036,129.6383,48.18,73,95,10.36
538,Tevaitoa,PF,2022-09-03 01:07:04,-16.7833,-151.5,78.8,68,0,20.51
539,Dakar,SN,2022-09-03 01:07:04,14.6937,-17.4441,77.88,83,100,6.38
540,Thinadhoo,MV,2022-09-03 01:07:04,0.5333,72.9333,81.95,70,53,14.97
541,Hun,LY,2022-09-03 01:07:05,29.1268,15.9477,78.42,42,0,3.67
542,Berlevag,NO,2022-09-03 01:07:05,70.8578,29.0864,42.8,93,100,14.97
543,Dorverden,DE,2022-09-03 01:07:06,52.85,9.2333,58.32,65,35,11.77
544,Meulaboh,ID,2022-09-03 01:07:06,4.1363,96.1285,76.23,86,100,3.96
545,Arawa,PG,2022-09-03 01:07:07,-6.2132,155.5367,86.52,63,100,5.01
546,Northam,GB,2022-09-03 01:07:07,51.0333,-4.2167,61.61,97,100,4.41
547,Terekli-Mekteb,RU,2022-09-03 01:07:08,44.1671,45.8698,78.48,46,74,8.93
548,Porto Walter,BR,2022-09-03 01:07:08,-8.2686,-72.7439,79.74,46,0,1.63
549,Straumen,NO,2022-09-03 01:07:08,63.8709,11.2999,44.6,68,89,4.79
550,Abha,SA,2022-09-03 01:07:09,18.2164,42.5053,64.65,37,0,0.0
551,Bluefields,NI,2022-09-03 01:07:09,12.0137,-83.7635,78.75,84,83,8.14
552,Tingi,TZ,2022-09-03 01:07:09,-11.3,35.0333,55.6,63,1,2.53
553,Saint-Joseph,RE,2022-09-03 01:07:10,-21.3667,55.6167,61.18,80,26,11.32
554,Izumo,JP,2022-09-03 01:07:10,35.3667,132.7667,76.73,86,100,11.32
555,Nouna,BF,2022-09-03 01:07:11,12.7333,-3.8667,73.65,94,100,2.28
556,Ornes,NO,2022-09-03 01:07:11,66.8689,13.7078,46.22,63,4,5.46
557,Lubango,AO,2022-09-03 01:07:11,-14.9172,13.4925,60.06,35,0,4.88
558,Basco,PH,2022-09-03 01:08:12,20.4487,121.9702,83.03,84,100,42.5
559,Bundaberg,AU,2022-09-03 01:08:12,-24.85,152.35,72.21,90,75,10.36
560,Verkhnevilyuysk,RU,2022-09-03 01:08:13,63.4453,120.3167,42.17,96,100,2.46
561,Sao Joao Da Barra,BR,2022-09-03 01:08:13,-21.6403,-41.0511,70.59,76,0,21.12
562,Champerico,GT,2022-09-03 01:08:13,14.3,-91.9167,79.21,86,100,14.23
563,Changji,CN,2022-09-03 01:08:14,44.0167,87.3167,74.19,23,0,8.95
564,Saint-Doulchard,FR,2022-09-03 01:08:14,47.1037,2.352,64.78,95,0,6.53
565,Sembakung,ID,2022-09-03 01:08:15,3.8167,117.25,80.91,84,100,2.57
566,Churachandpur,IN,2022-09-03 01:08:15,24.3333,93.6667,69.57,94,48,1.77
567,Manoel Urbano,BR,2022-09-03 01:08:15,-8.8389,-69.2597,82.33,39,50,2.68
568,Eydhafushi,MV,2022-09-03 01:08:16,5.1033,73.0708,79.39,80,56,18.05
569,Ulladulla,AU,2022-09-03 01:07:31,-35.35,150.4667,54.66,60,87,17.45
570,Hvolsvollur,IS,2022-09-03 01:08:16,63.7533,-20.2243,47.97,85,5,3.06
571,Navolato,MX,2022-09-03 01:08:17,24.7672,-107.6944,86.63,77,100,6.85
572,Novyy Urengoy,RU,2022-09-03 01:08:17,66.0833,76.6333,46.35,69,100,10.85
573,Sept-Iles,CA,2022-09-03 01:07:01,50.2001,-66.3821,57.06,73,4,3.0
574,Nizwa,OM,2022-09-03 01:04:50,22.9333,57.5333,80.08,54,3,0.98
575,Khromtau,KZ,2022-09-03 01:08:18,50.2503,58.4347,75.51,20,99,12.68
576,Grand Gaube,MU,2022-09-03 01:08:18,-20.0064,57.6608,66.6,73,0,5.01
577,Kortkeros,RU,2022-09-03 01:08:18,61.8106,51.5806,44.6,98,81,5.66
578,Khuzhir,RU,2022-09-03 01:08:19,53.1939,107.3397,58.05,77,100,11.86
579,Emba,KZ,2022-09-03 01:08:19,48.8264,58.1442,77.99,19,94,13.65
580,Kargil,IN,2022-09-03 01:08:19,34.5667,76.1,57.13,52,85,4.07
581,Yarada,IN,2022-09-03 01:08:20,17.65,83.2667,80.92,100,40,2.3
582,Tessalit,ML,2022-09-03 01:08:20,20.1986,1.0114,86.83,33,89,5.46
583,Katwa,IN,2022-09-03 01:08:21,23.6399,88.128,81.93,84,99,5.73
584,Honghu,CN,2022-09-03 01:08:21,29.8206,113.4621,76.44,57,26,8.86
585,Qui Nhon,VN,2022-09-03 01:08:21,13.7667,109.2333,82.53,75,100,3.65
586,Alofi,NU,2022-09-03 01:08:22,-19.0595,-169.9187,74.19,81,100,12.15
587,Koch Bihar,IN,2022-09-03 01:08:22,26.3167,89.4333,77.09,93,93,6.93
588,Mahibadhoo,MV,2022-09-03 01:08:23,3.7833,72.9667,79.97,82,25,17.43
589,Log,RU,2022-09-03 01:08:23,49.4844,43.8613,52.95,44,6,8.68
590,Smidovich,RU,2022-09-03 01:08:23,48.6,133.8167,66.67,70,4,7.92
591,Zhigansk,RU,2022-09-03 01:08:24,66.7697,123.3711,42.26,85,100,11.23
592,Caravelas,BR,2022-09-03 01:08:24,-17.7125,-39.2481,68.04,76,12,5.5
593,Carutapera,BR,2022-09-03 01:08:24,-1.195,-46.02,77.7,84,2,7.11
594,Hunterville,NZ,2022-09-03 01:08:25,-39.9333,175.5667,55.54,86,100,14.07
595,Kapuskasing,CA,2022-09-03 01:08:25,49.4169,-82.4331,75.29,73,100,10.36
596,Saint Anthony,US,2022-09-03 01:08:25,45.0205,-93.218,82.81,62,0,18.41
597,Campoverde,PE,2022-09-03 01:08:26,-8.4753,-74.8058,82.09,45,70,1.12
598,Berwick,US,2022-09-03 01:08:26,41.0545,-76.2333,70.72,78,100,3.62
599,Oliveira Dos Brejinhos,BR,2022-09-03 01:08:27,-12.3169,-42.8961,69.8,63,0,5.66
600,Erdenet,MN,2022-09-03 01:08:27,49.0333,104.0833,56.7,57,30,4.85
601,Ahome,MX,2022-09-03 01:06:32,25.9167,-109.1833,82.35,80,100,3.8
602,Taldan,RU,2022-09-03 01:08:28,53.6667,124.8,58.75,71,91,5.73
603,Seymchan,RU,2022-09-03 01:08:28,62.8833,152.4333,62.64,40,100,4.54
604,Hervey Bay,AU,2022-09-03 01:08:28,-25.2986,152.8535,65.1,86,100,11.65
605,Hailar,CN,2022-09-03 01:08:29,49.2,119.7,70.25,36,99,5.26
606,Bazaliya,UA,2022-09-03 01:08:29,49.7127,26.4733,51.03,95,100,6.46
607,Baker City,US,2022-09-03 01:08:18,44.7749,-117.8344,94.59,11,0,13.8
608,Tamandare,BR,2022-09-03 01:09:30,-8.7597,-35.1047,73.69,81,0,9.66
609,Bunbury,AU,2022-09-03 01:09:30,-33.3333,115.6333,53.49,83,100,19.48
610,Lixourion,GR,2022-09-03 01:09:31,38.2019,20.4314,76.46,74,55,15.28
611,Genhe,CN,2022-09-03 01:09:31,50.7833,121.5167,70.32,36,13,3.04
612,Camacha,PT,2022-09-03 01:09:31,33.0833,-16.3333,67.42,88,40,5.75
613,Hashtrud,IR,2022-09-03 01:09:32,37.4779,47.0508,64.72,30,0,3.06
614,Bone,DE,2022-09-03 01:09:32,51.9669,12.1396,58.82,66,0,9.17
615,Kinshasa,CD,2022-09-03 01:09:33,-4.3246,15.3215,76.01,71,95,1.79
616,Xining,CN,2022-09-03 01:09:33,36.6167,101.7667,49.48,82,100,2.19
617,Kolchugino,RU,2022-09-03 01:09:33,56.3,39.3833,39.22,98,41,7.16
618,Chekmagush,RU,2022-09-03 01:09:34,55.1319,54.6556,44.71,69,0,7.05
619,Razole,IN,2022-09-03 01:09:34,16.4833,81.8333,79.41,88,18,0.38
620,Necochea,AR,2022-09-03 01:09:35,-38.5473,-58.7368,41.58,75,0,3.76
621,Innisfail,AU,2022-09-03 01:09:35,-17.5333,146.0333,77.65,80,67,6.02
622,Bocaiuva,BR,2022-09-03 01:09:35,-17.1078,-43.815,63.88,47,0,4.41
623,Yaan,NG,2022-09-03 01:09:36,7.3833,8.5667,67.95,96,83,2.1
624,Weligama,LK,2022-09-03 01:09:36,5.9667,80.4167,75.83,91,96,8.34
625,Kokopo,PG,2022-09-03 01:09:36,-4.352,152.2633,84.94,62,9,5.26
626,Kathu,TH,2022-09-03 01:09:37,7.9178,98.3332,83.7,99,100,12.8
627,Wilmington,US,2022-09-03 01:07:45,34.2257,-77.9447,79.86,79,20,0.0
628,Ambovombe,MG,2022-09-03 01:07:20,-25.1667,46.0833,59.43,84,0,4.97
629,Ginir,ET,2022-09-03 01:09:37,7.1333,40.7,58.33,73,88,9.26
630,Balaipungut,ID,2022-09-03 01:09:38,1.05,101.2833,75.76,92,100,2.39
631,Sumbe,AO,2022-09-03 01:09:38,-11.2061,13.8437,69.8,93,100,6.67
632,Karanja,IN,2022-09-03 01:06:13,20.4833,77.4833,76.44,87,16,6.69
633,Fez,MA,2022-09-03 01:09:39,34.0372,-4.9998,71.85,64,75,5.75
634,Hami,CN,2022-09-03 01:09:39,42.8,93.45,75.36,17,7,0.78
635,Masalli,KR,2022-09-03 01:09:40,34.7959,126.6553,72.7,87,100,11.83
636,Cartagena,CO,2022-09-03 01:09:40,10.3997,-75.5144,82.02,83,20,5.75
637,Praia Da Vitoria,PT,2022-09-03 01:09:40,38.7333,-27.0667,70.75,85,55,7.49
638,Truro,GB,2022-09-03 01:09:41,50.2653,-5.0544,61.88,88,100,4.61
639,Hede,CN,2022-09-03 01:09:41,33.7681,120.2517,78.49,68,4,15.68
640,Panzos,GT,2022-09-03 01:09:42,15.4,-89.6667,75.16,99,100,0.98
641,Sisimiut,GL,2022-09-03 01:09:42,66.9395,-53.6735,49.37,87,100,32.08
642,Araouane,ML,2022-09-03 01:09:42,18.9048,-3.5265,91.69,33,0,8.88
643,Chiang Rai,TH,2022-09-03 01:09:43,19.9167,99.9167,83.98,89,100,0.92
644,Kahama,TZ,2022-09-03 01:09:43,-3.8333,32.6,67.68,52,31,6.08
645,Maceio,BR,2022-09-03 01:09:43,-9.6658,-35.7353,72.84,94,75,4.61
646,Murbad,IN,2022-09-03 01:09:44,19.25,73.4,77.86,92,0,1.32
647,Monastyrshchina,RU,2022-09-03 01:09:44,54.3496,31.838,40.1,80,68,4.56
648,Mackenzie,CA,2022-09-03 01:08:06,55.2999,-123.1698,76.5,42,100,6.22
649,High Level,CA,2022-09-03 01:09:45,58.5169,-117.136,75.67,29,35,7.67
650,Nianzishan,CN,2022-09-03 01:09:45,47.5167,122.8833,77.49,33,63,5.01
651,Cuiluan,CN,2022-09-03 01:09:45,47.72,128.648,69.76,54,100,5.59
652,Bacolod,PH,2022-09-03 01:06:37,10.6667,122.95,83.37,81,100,11.41
653,Shelburne,CA,2022-09-03 01:10:46,44.0787,-80.2041,69.76,59,100,9.04
654,Pitiquito,MX,2022-09-03 01:10:47,30.7,-112.0833,90.45,47,37,4.72
655,Tabuk,PH,2022-09-03 01:10:47,17.4189,121.4443,76.3,90,100,2.71
656,Veseloyarsk,RU,2022-09-03 01:10:47,51.2836,81.1056,56.89,84,84,5.97
657,Hobyo,SO,2022-09-03 01:10:48,5.3505,48.5268,75.45,78,100,24.61
658,Kondinskoye,RU,2022-09-03 01:10:48,59.6481,67.41,56.61,97,100,7.09
659,Ajdabiya,LY,2022-09-03 01:10:48,30.7554,20.2263,77.38,77,0,8.46
660,Dongobesh,TZ,2022-09-03 01:10:49,-4.0667,35.3833,49.35,90,75,5.64
661,Kizukuri,JP,2022-09-03 01:10:49,40.8061,140.3861,73.94,75,100,3.76
662,San Juan,AR,2022-09-03 01:06:22,-31.5375,-68.5364,56.97,28,0,2.77
663,Sakaiminato,JP,2022-09-03 01:10:50,35.55,133.2333,76.84,83,100,14.45
664,Klerksdorp,ZA,2022-09-03 01:10:50,-26.8521,26.6667,53.89,38,0,4.94
665,Aleksandrov Gay,RU,2022-09-03 01:10:51,50.147,48.5704,57.06,37,0,8.81
666,Yar-Sale,RU,2022-09-03 01:10:51,66.8333,70.8333,45.14,78,100,20.78
667,Toppenish,US,2022-09-03 01:10:51,46.3774,-120.3087,99.72,9,0,7.54
668,Ternate,ID,2022-09-03 01:10:52,0.8,127.4,82.71,74,95,1.39
669,Plainview,US,2022-09-03 01:10:52,40.7765,-73.4673,72.52,71,0,3.44
670,Enniscorthy,IE,2022-09-03 01:10:53,52.5008,-6.5578,59.49,93,100,11.81
671,Catumbela,AO,2022-09-03 01:10:53,-12.4314,13.5472,69.69,87,99,3.4
672,Ketchikan,US,2022-09-03 01:10:15,55.3422,-131.6461,63.07,72,100,12.66
673,Sao Filipe,CV,2022-09-03 01:10:54,14.8961,-24.4956,78.84,86,23,12.17
674,Ust-Nera,RU,2022-09-03 01:10:54,64.5667,143.2,49.05,52,39,5.03
675,Jonkoping,SE,2022-09-03 01:10:54,57.7814,14.1562,47.91,93,75,4.61
676,Selizharovo,RU,2022-09-03 01:10:55,56.8519,33.4487,37.87,98,29,5.41
677,Sarkand,KZ,2022-09-03 01:10:55,45.41,79.9186,68.38,27,0,4.68
678,Ingraj Bazar,IN,2022-09-03 01:10:55,25.0,88.15,80.58,87,100,5.17
679,Homer,US,2022-09-03 01:10:56,59.6425,-151.5483,60.04,71,100,5.99
680,Am Timan,TD,2022-09-03 01:10:56,11.0297,20.2827,67.91,93,100,6.51
681,Tura,IN,2022-09-03 01:10:57,25.5198,90.2201,74.21,95,71,6.76
682,Kulhudhuffushi,MV,2022-09-03 01:10:57,6.6221,73.07,80.22,81,25,18.12
683,Yarmouth,US,2022-09-03 01:10:27,41.7057,-70.2286,62.96,81,0,0.0
684,Ahipara,NZ,2022-09-03 01:10:57,-35.1667,173.1667,60.87,65,100,10.85
685,Mackay,AU,2022-09-03 01:10:58,-21.15,149.2,68.68,71,70,10.71
686,Bardiyah,LY,2022-09-03 01:10:58,31.7561,25.0865,77.22,77,0,5.35
687,Batagay-Alyta,RU,2022-09-03 01:10:59,67.8006,130.4114,33.75,92,100,12.73
688,Chapais,CA,2022-09-03 01:08:15,49.7834,-74.8492,67.64,68,66,14.9
689,Guiratinga,BR,2022-09-03 01:10:59,-16.3494,-53.7583,75.88,26,5,4.72
690,Ossora,RU,2022-09-03 01:07:41,59.2353,163.0719,62.02,71,15,2.93
691,Omsukchan,RU,2022-09-03 01:11:00,62.5333,155.8,58.48,51,100,9.1
692,Stromness,GB,2022-09-03 01:11:00,58.965,-3.296,57.16,91,100,15.99
693,Uruguaiana,BR,2022-09-03 01:11:01,-29.7547,-57.0883,53.53,87,0,9.22
694,Hamilton,US,2022-09-03 01:11:01,39.1834,-84.5333,80.42,75,100,5.75
695,Senador Pompeu,BR,2022-09-03 01:11:01,-5.5881,-39.3717,77.14,55,0,8.25
696,Lyuban,BY,2022-09-03 01:11:02,52.7985,28.0048,43.52,66,100,4.92
697,Sao Jose Da Coroa Grande,BR,2022-09-03 01:11:02,-8.8978,-35.1478,74.17,78,0,10.29
698,Havelock,US,2022-09-03 01:11:02,34.8791,-76.9013,82.38,87,100,5.79
699,Jacmel,HT,2022-09-03 01:11:03,18.2342,-72.5347,76.84,81,48,3.09
700,Petrinja,HR,2022-09-03 01:12:03,45.4375,16.29,59.13,91,2,2.01
701,Taonan,CN,2022-09-03 01:12:04,45.3333,122.7833,71.08,49,20,12.15
702,Gallup,US,2022-09-03 01:12:04,35.5281,-108.7426,88.56,32,75,12.66
703,Doha,QA,2022-09-03 01:12:05,25.2867,51.5333,89.58,66,0,4.61
704,Kongolo,CD,2022-09-03 01:12:05,-5.3833,27.0,69.96,87,80,4.63
705,Kamsack,CA,2022-09-03 01:12:05,51.5667,-101.9009,64.67,41,0,3.31
706,Calinesti,RO,2022-09-03 01:12:06,44.8167,25.05,60.49,85,100,9.44
707,Pirgos,GR,2022-09-03 01:12:06,35.1167,25.7178,76.62,72,0,1.28
708,Phetchabun,TH,2022-09-03 01:12:07,16.25,101.0833,79.84,86,100,0.49
709,San Luis,AR,2022-09-03 01:07:31,-33.295,-66.3356,50.99,18,0,10.78
710,Riviere-Au-Renard,CA,2022-09-03 01:12:07,48.9957,-64.3971,48.49,57,4,6.4
711,Belaya Gora,RU,2022-09-03 01:12:08,68.5333,146.4167,37.8,63,100,11.86
712,Erzincan,TR,2022-09-03 01:07:13,39.75,39.5,56.5,72,0,1.14
713,Sajanan,TN,2022-09-03 01:12:08,37.0573,9.2426,74.32,44,99,4.18
714,Waingapu,ID,2022-09-03 01:12:08,-9.6567,120.2641,84.31,63,9,12.44
715,Rosetta,EG,2022-09-03 01:12:09,31.4044,30.4164,78.01,72,0,9.55
716,Cradock,ZA,2022-09-03 01:12:09,-32.1642,25.6192,59.31,59,95,3.27
717,Villamontes,BO,2022-09-03 01:12:10,-21.25,-63.5,62.22,42,21,3.36
718,Bama,NG,2022-09-03 01:12:10,11.5221,13.6856,70.93,94,100,12.55
719,Zharkent,KZ,2022-09-03 01:12:10,44.1628,80.0,66.0,25,0,4.0
